Metric,Value
MAE,234.95174456547284
RMSE,287.4465182946645
ADF Statistic,-3.6282673705348887
P-value,0.00524305186519189
